word,phonetic,meaning,example,exampleTranslation
abandon,əˈbændən,v. 放弃，抛弃；n. 放任,the city was abandoned by the government after the disaster,灾难发生后这座城市被政府抛弃了
accelerate,əkˈseləreɪt,v. 加速，促进,she took a new job to accelerate her career growth,她找了一份新工作来加速职业发展
accessible,əkˈsesəbl,adj. 可到达的；可接近的；易懂的,the new highway makes the area more accessible to tourists,新公路使该地区对游客更易到达
accommodate,əˈkɒmədeɪt,v. 容纳；供应；适应,the hotel can accommodate up to 500 guests,这家酒店最多可容纳500位客人
accumulate,əˈkjuːmjəleɪt,v. 积累，积聚,he accumulated a fortune through wise investments,他通过明智的投资积累了财富
acknowledge,əkˈnɒlɪdʒ,v. 承认；致谢；确认,he refused to acknowledge his mistake,他拒绝承认自己的错误
adequate,ˈædɪkwət,adj. 足够的；适当的,they did not have adequate resources to complete the project,他们没有足够的资源来完成这个项目
adjust,əˈdʒʌst,v. 调整，适应,you need to adjust your schedule to the new time zone,你需要调整作息以适应新时区
administrator,ədˈmɪnɪstreɪtə,r,n. 管理员，行政人员,the school administrator approved the new policy,学校管理员批准了这项新政策
atmosphere,ˈætməsfɪə,r,n. 气氛；大气层,the atmosphere in the room was tense,房间里的气氛很紧张
authorize,ˈɔːθəraɪz,v. 授权，批准,only managers can authorize expenses over $1000,只有经理才能批准超过1000美元的支出
catastrophe,kəˈtæstrəfi,n. 灾难，大祸,the flood was a catastrophe for the farming community,洪水对农业社区是一场灾难
comprehensive,ˌkɒmprɪˈhensɪv,adj. 全面的；广泛的,the new policy provides comprehensive coverage for all employees,新政策为所有员工提供全面保障
consequence,ˈkɒnsɪkwəns,n. 结果；重要性,they did not consider the consequences of their actions,他们没有考虑到行为的后果
contemporary,kənˈtempərəri,adj. 当代的；同时代的,contemporary art often challenges traditional values,当代艺术经常挑战传统价值观
demonstrate,ˈdemənstreɪt,v. 证明；示范，演示,the experiment demonstrates the validity of our theory,实验证明了我们要理论的有效性
eliminate,ɪˈlɪmɪneɪt,v. 消除，淘汰,the company is working to eliminate waste in production,公司正致力于消除生产中的浪费
environment,ɪnˈvaɪrənmənt,n. 环境,the environment has a significant impact on child development,环境对儿童发展有重大影响
estimate,ˈestɪmeɪt,v./n. 估计，评估,experts estimate that the cost will exceed $5 million,专家估计成本将超过500万美元
facilitate,fəˈsɪlɪteɪt,v. 促进，帮助,technology can facilitate communication between distant teams,技术可以促进远距离团队之间的沟通
fundamental,ˌfʌndəˈmentəl,adj. 基本的；根本的,reading is a fundamental skill for learning,阅读是学习的基本技能
globally,ˈɡləʊbəli,adv. 全球地，全世界,the issue of climate change is a global concern,气候变化问题是全球性的关注焦点
identify,aɪˈdentɪfaɪ,v. 识别；确认；鉴定,researchers are trying to identify the root cause,研究人员正试图找出根本原因
illustrate,ˈɪləstreɪt,v. 阐明；举例说明,this example illustrates the point I am making,这个例子说明了我正在表达的观点
implement,ˈɪmplɪment,v. 实施，执行,the government plans to implement new regulations next year,政府计划明年实施新法规
inevitable,ɪˈnevɪtəbl,adj. 不可避免的,change is inevitable in any growing organization,在任何成长的组织中变化都是不可避免的
investigate,ɪnˈvestɪɡeɪt,v. 调查，审查,police are investigating the cause of the accident,警方正在调查事故原因
majority,məˈdʒɒrəti,n. 多数，大部分,the majority of voters support the new policy,大多数选民支持这项新政策
negative,ˈneɡətɪv,adj. 负面的；否定的,his comments had a negative impact on team morale,他的评论对团队士气产生了负面影响
objective,əbˈdʒektɪv,n. 目标；目的,the main objective of the study is to understand consumer behavior,这项研究的主要目标是理解消费者行为
obstacle,ˈɒbstəkl,n. 障碍，阻碍,lack of funding is the main obstacle to progress,缺乏资金是进展的主要障碍
participate,pɑːˈtɪsɪpeɪt,v. 参加，参与,all students are required to participate in the program,所有学生都必须参加这个项目
permanent,ˈpɜːmənənt,adj. 永久的，长期的,they are looking for permanent solutions to the problem,他们正在寻找问题的永久解决方案
phenomenon,fɪˈnɒmɪnən,n. 现象,globalization is a complex social phenomenon,全球化是一个复杂的社会现象
prejudice,ˈpredʒudɪs,n. 偏见，歧视,laws against racial prejudice have been introduced,反种族歧视的法律已经出台
prior,ˈpraɪə,r,adj. 优先的；之前的,prior experience in teaching is preferred,优先考虑有教学经验的人
promote/prəˈməʊt,v. 促进，提升,the campaign aims to promote healthy eating habits,该活动旨在促进健康饮食习惯
recognize,rɪˈkɒɡnaɪz,v. 识别；认出；承认,hardly anyone recognized her after the surgery,手术后几乎没人认出她
reinforce,rɪˈɪnfɔːs,v. 加强，巩固,the study reinforces our belief in the theory,这项研究加强了我们对该理论的信念
relevant,ˈreləvənt,adj. 相关的；切题的,please provide any relevant documents with your application,请在申请时附上相关文件
significant,sɪɡˈnɪfɪkənt,adj. 重要的；显著的,there has been a significant improvement in student performance,学生表现有了显著提高
sophisticated,səˈfɪstɪkeɪtɪd,adj. 复杂的；精密的；老练的,the city has a sophisticated public transport system,这座城市拥有精密的公共交通系统
sustainable,səˈsteɪnəbl,adj. 可持续的,the goal is to develop sustainable energy sources,目标是开发可持续能源
terminate,təːmɪneɪt,v. 终止，结束,both parties agreed to terminate the contract,双方同意终止合同
ultimately,ˈʌltɪmətli,adv. 最终，根本上,the ultimate goal is to achieve world peace,最终目标是实现世界和平
vulnerable,ˈvʌlnərəbl,adj. 易受伤的；脆弱的,the elderly are more vulnerable to infectious diseases,老年人更容易受到传染病的侵害
welfare,ˈwelfeə,r,n. 福利，幸福,the welfare of children is the top priority,儿童福利是首要任务
